CREATE TABLE REGSERVICIO
(
  K_REGISTRO NUMBER(5) NOT NULL 
, K_MATRICULA VARCHAR2(6) NOT NULL 
, K_TALLER NUMBER(3) NOT NULL 
, K_SERVICIO NUMBER(3) NOT NULL 
, F_INGRESO DATE NOT NULL 
, F_SALIDA DATE
, V_SERVICIO NUMBER(10, 2)
, CONSTRAINT REGSERVICIO_PK PRIMARY KEY 
  (
    K_REGISTRO 
  )
  ENABLE 
);

CREATE TABLE TALLER 
(
  K_TALLER NUMBER(3) NOT NULL 
, N_TALLER VARCHAR2(50) NOT NULL 
, O_DIRECCION VARCHAR2(50) NOT NULL 
, O_TELEFONO VARCHAR2(15) NOT NULL 
, N_ESPECIALIDAD VARCHAR2(20) NOT NULL
, N_RESPONSABLE VARCHAR2(20) NOT NULL 
, CONSTRAINT TALLER_PK PRIMARY KEY 
  (
    K_TALLER 
  )
  ENABLE 
);

CREATE TABLE RESERVA 
(
  K_RESERVA NUMBER(10) NOT NULL 
, K_NIT NUMBER(12) NOT NULL 
, K_AGENCIA NUMBER NOT NULL 
, F_RESERVA DATE NOT NULL 
, V_TOTAL NUMBER(10, 2) NOT NULL 
, CONSTRAINT RESERVA_PK PRIMARY KEY 
  (
    K_RESERVA 
  )
  ENABLE 
);

CREATE TABLE RESERVA_VEHICULO 
(
  K_RESERVA NUMBER(10) NOT NULL 
, K_MATRICULA VARCHAR2(6) NOT NULL 
, F_INICIO DATE NOT NULL 
, F_FIN DATE NOT NULL 
, V_PRECIO_ALQUILER NUMBER(10, 2) NOT NULL 
, V_LITROS_GASOLINA NUMBER(3, 1) NOT NULL 
, I_ENTREGADO VARCHAR2(1) NOT NULL 
, CONSTRAINT RESERVA_VEHICULO_PK PRIMARY KEY 
  (
    K_RESERVA 
  , K_MATRICULA 
  )
  ENABLE 
);

CREATE TABLE CLIENTE 
(
  K_NIT NUMBER(12) NOT NULL 
, K_NITREF NUMBER(12) 
, N_NOMCLIENTE VARCHAR2(20) NOT NULL 
, N_APECLIENTE VARCHAR2(20) NOT NULL 
, O_DIRECCION VARCHAR2(50) NOT NULL 
, O_TELEFONO VARCHAR2(12) NOT NULL 
, CONSTRAINT CLIENTE_PK PRIMARY KEY 
  (
    K_NIT 
  )
  ENABLE 
);

CREATE TABLE SERVICIO 
(
  K_SERVICIO NUMBER(3) NOT NULL 
, N_SERVICIO VARCHAR2(30) NOT NULL 
, CONSTRAINT SERVICIO_PK PRIMARY KEY 
  (
    K_SERVICIO 
  )
  ENABLE 
);

CREATE TABLE SERVICIOXTALLER 
(
  K_TALLER NUMBER(3) NOT NULL 
, K_SERVICIO NUMBER(3) NOT NULL 
, CONSTRAINT TALLER_SERVICIO_PK PRIMARY KEY 
  (
    K_TALLER 
  , K_SERVICIO 
  )
  ENABLE 
);

CREATE TABLE VEHICULO 
(
  K_MATRICULA VARCHAR2(6) NOT NULL 
, N_COLOR VARCHAR2(15) NOT NULL 
, N_MARCA VARCHAR2(15) NOT NULL 
, I_DISPONIBLE VARCHAR2(1) NOT NULL 
, CONSTRAINT VEHICULO_PK PRIMARY KEY 
  (
    K_MATRICULA 
  )
  ENABLE 
);

CREATE TABLE AGENCIA 
(
  K_AGENCIA NUMBER NOT NULL 
, N_AGENCIA VARCHAR2(20) NOT NULL 
, CONSTRAINT AGENCIA_PK PRIMARY KEY 
  (
    K_AGENCIA
  )
  ENABLE
);


ALTER TABLE REGSERVICIO
ADD CONSTRAINT REGSERVICIO_VEHICULO_FK FOREIGN KEY
(
  K_MATRICULA
)
REFERENCES VEHICULO
(
  K_MATRICULA
)
ENABLE;

ALTER TABLE RESERVA
ADD CONSTRAINT RESERVA_AGENCIA_FK FOREIGN KEY
(
  K_AGENCIA
)
REFERENCES AGENCIA
(
  K_AGENCIA
)
ENABLE;

ALTER TABLE RESERVA_VEHICULO
ADD CONSTRAINT RESERVA_VEHICULO_RESERVA_FK FOREIGN KEY
(
  K_RESERVA
)
REFERENCES RESERVA
(
  K_RESERVA
)
ENABLE;

ALTER TABLE RESERVA_VEHICULO
ADD CONSTRAINT RESERVA_VEHICULO_VEHICULO_FK FOREIGN KEY
(
  K_MATRICULA
)
REFERENCES VEHICULO
(
  K_MATRICULA
)
ENABLE;


ALTER TABLE SERVICIOXTALLER
ADD CONSTRAINT SERVICIOXTALLER_SERVICIO_FK FOREIGN KEY
(
  K_SERVICIO
)
REFERENCES SERVICIO
(
  K_SERVICIO
)
ENABLE;

ALTER TABLE SERVICIOXTALLER
ADD CONSTRAINT SERVICIOXTALLER_TALLER_FK FOREIGN KEY
(
  K_TALLER
)
REFERENCES TALLER
(
  K_TALLER
)
ENABLE;
ADD CONSTRAINT N_ESPECIALIDAD_CHK CHECK
(N_ESPECIALIDAD IN ('MECANICA', 'LATONERIA', 'PINTURA', 'ELECTRICIDAD'))
ENABLE;


COMMENT ON TABLE  REGSERVICIO IS 'Tabla que contiene el registro de los servicios prestados a cada vehiculo';
COMMENT ON COLUMN REGSERVICIO.K_REGISTRO IS 'Codigo del registro';

COMMENT ON COLUMN REGSERVICIO.K_MATRICULA IS 'Matricula del vehiculo';

COMMENT ON COLUMN REGSERVICIO.K_TALLER IS 'C�digo del taller';

COMMENT ON COLUMN REGSERVICIO.K_SERVICIO IS 'Codigo del servicio';

COMMENT ON COLUMN REGSERVICIO.F_INGRESO IS 'Fecha del  ingreso al taller';

COMMENT ON COLUMN REGSERVICIO.F_SALIDA IS 'Fecha de salida del vehiculo del taller';

COMMENT ON COLUMN REGSERVICIO.V_SERVICIO IS 'Valor del servicio';

COMMENT ON COLUMN TALLER.K_TALLER IS 'Codigo del taller';

COMMENT ON COLUMN TALLER.N_TALLER IS 'Nombre del taller';

COMMENT ON COLUMN TALLER.O_DIRECCION IS 'Direccion del taller';

COMMENT ON COLUMN TALLER.O_TELEFONO IS 'Numero de telefono del taller';

COMMENT ON COLUMN TALLER.N_ESPECIALIDAD IS 'Especialidad (MECANICA,ELECTRICIDAD,LATONERIA Y PINTURA)';

COMMENT ON COLUMN TALLER.N_RESPONSABLE IS 'Nombre del responsable';

COMMENT ON COLUMN RESERVA.K_RESERVA IS 'Numero de reserva';

COMMENT ON COLUMN RESERVA.K_NIT IS 'Nit del cliente que hace la reserva';

COMMENT ON COLUMN RESERVA.K_AGENCIA IS 'Agencia en la que se hace la reserva';

COMMENT ON COLUMN RESERVA.F_RESERVA IS 'Fecha en que se realiza la reserva';

COMMENT ON COLUMN RESERVA.V_TOTAL IS 'Valor total de la reserva';

COMMENT ON COLUMN RESERVA_VEHICULO.K_RESERVA IS 'Codigo de la reserva';

COMMENT ON COLUMN RESERVA_VEHICULO.K_MATRICULA IS 'Codigo de la matricula';

COMMENT ON COLUMN RESERVA_VEHICULO.F_INICIO IS 'Fecha de inicio de la reserva para cada vehiculo';

COMMENT ON COLUMN RESERVA_VEHICULO.F_FIN IS 'Fecha fin reserva para cada vehiculo';

COMMENT ON COLUMN RESERVA_VEHICULO.V_PRECIO_ALQUILER IS 'Precio de alquiler';

COMMENT ON COLUMN RESERVA_VEHICULO.V_LITROS_GASOLINA IS 'Litros de gasolina';

COMMENT ON COLUMN RESERVA_VEHICULO.I_ENTREGADO IS 'Indicador de entregado';

COMMENT ON COLUMN CLIENTE.K_NIT IS 'Numero de identificacion';

COMMENT ON COLUMN CLIENTE.K_NITREF IS 'Identificacion del cliente que lo referencia';

COMMENT ON COLUMN CLIENTE.N_NOMCLIENTE IS 'Nombre';

COMMENT ON COLUMN CLIENTE.N_APECLIENTE IS 'Apellido';

COMMENT ON COLUMN CLIENTE.O_DIRECCION IS 'Direccion';

COMMENT ON COLUMN CLIENTE.O_TELEFONO IS 'Numero de telefono';

COMMENT ON COLUMN SERVICIO.K_SERVICIO IS 'Codigo del servicio';

COMMENT ON COLUMN SERVICIO.N_SERVICIO IS 'Nombre del servicio';

COMMENT ON COLUMN SERVICIOXTALLER.K_TALLER IS 'Codigo del taller';

COMMENT ON COLUMN SERVICIOXTALLER.K_SERVICIO IS 'Codigo del servicio';

COMMENT ON COLUMN VEHICULO.K_MATRICULA IS 'Numero de matricula';

COMMENT ON COLUMN VEHICULO.N_COLOR IS 'Color';

COMMENT ON COLUMN VEHICULO.N_MARCA IS 'Marca';

COMMENT ON COLUMN VEHICULO.I_DISPONIBLE IS 'Indicador de disponibilidad';

COMMENT ON COLUMN AGENCIA.K_AGENCIA IS 'Codigo de la agencia';

COMMENT ON COLUMN AGENCIA.N_AGENCIA IS 'Nombre de la agencia';

-- a) Dejar la especialidad del taller en null

ALTER TABLE TALLER MODIFY (N_ESPECIALIDAD NULL); -- DEFAULT NULL;

-- b) Adicionar el atributo o_email varchar(30) a la tabla taller

ALTER TABLE TALLER ADD O_EMAIL VARCHAR(30);

-- c) Crear constraint entre Reserva y Cliente 

ALTER TABLE RESERVA
ADD CONSTRAINT RESERVA_CLIENTE_FK FOREIGN KEY
(
  K_NIT
)
REFERENCES CLIENTE
(
  K_NIT
)
ENABLE;

-- e) Crear el constraint entre REGSERVICIO y SERVICIOXTALLER

ALTER TABLE REGSERVICIO
ADD CONSTRAINT REGSERVICIO_SERVICIOXTALLER FOREIGN KEY
(
  K_TALLER,K_SERVICIO
)
REFERENCES SERVICIOXTALLER 
(
  K_TALLER,K_SERVICIO
)
ENABLE;

--- Falta e, a, h, j


-- f) Crear el constraint en la tabla RESERVA_VEHICULO para asegurar que la fecha de inicio de la reserva sea menor o igual a la fecha de fin de la reserva
ALTER TABLE RESERVA_VEHICULO ADD CONSTRAINT CHK_FRESERVA CHECK (F_INICIO <= F_FIN);

-- g) Crear el constraint para que el valor del alquiler sea > 0
ALTER TABLE RESERVA_VEHICULO ADD CONSTRAINT CHK_VPRECIOALQUILER CHECK (V_PRECIO_ALQUILER>0);

-- h) Adicionar la regla para que la disponibilidad del vehículo  sea S/N
ALTER TABLE VEHICULO ADD CONSTRAINT CK_I_DISPONIBLE CHECK (I_DISPONIBLE IN ('S','N'));

-- i) Crear la secuencia RESERVA_SEQ para numerar las reservas iniciando en 1 

CREATE SEQUENCE RESERVA_SEQ
 START WITH     1
 INCREMENT BY   1
 NOCACHE
 NOCYCLE;

-- j) Adicionar un constraint en la tabla apropiada para asegurar que un vehículo no se pueda prestar más de una vez con la misma fecha de inicio y fecha fin de reserva

-- k) Colocar el comentario a todas  las tablas
COMMENT ON TABLE TALLER IS 'Tabla que almacena la información de los diferentes talleres para hacer el chequeo';

COMMENT ON TABLE RESERVA IS 'Tabla que registra cada reserva en la empresa dedicada a alquilar vehículos';

COMMENT ON TABLE RESERVA_VEHICULO IS 'Tabla que almacena los datos de la relacion entre las entidades reserva y vehiculo';

COMMENT ON TABLE CLIENTE IS 'Tabla que registra los diferentes clientes de la empresa dedicada al alquiler de vehículos';

COMMENT ON TABLE SERVICIO IS 'Tabla que almacena el nombre de los diferentes servicios prestados por la empresa';

COMMENT ON TABLE SERVICIOXTALLER IS 'Tabla que reune la informacion de la relacion entre las entidades servicio y taller';

COMMENT ON TABLE VEHICULO IS 'Tabla que registra los datos de los vehículos alquilados por la empresa';

COMMENT ON TABLE AGENCIA IS 'Tabla que almacena el nombre de la agencia encargada de la reserva';

-- SENTENCIAS DE INSERCION TALLER
INSERT INTO AGENCIA VALUES (100, 'AGENCIA NORTE');
INSERT INTO AGENCIA VALUES (200, 'AGENCIA CENTRO');
INSERT INTO AGENCIA VALUES (300, 'AGENCIA SUR');

INSERT INTO CLIENTE (K_NIT, N_NOMCLIENTE,N_APECLIENTE,O_DIRECCION,O_TELEFONO) VALUES (123, 'Luis', 'Gonzales', 'Cra 4 25 68', '7685911');

INSERT INTO CLIENTE VALUES (456, 123, 'Maria', 'Santos', 'Calle 3 65-28', '7685911');
INSERT INTO CLIENTE VALUES (789, 123, 'Juan', 'Torres', 'Cra 65 47-56', '5336723');
INSERT INTO CLIENTE VALUES (987, 789, 'Pablo', 'Rojas', 'Calle 25 67-34', '4433445');
INSERT INTO CLIENTE VALUES (777, 789, 'Sergio', 'Henao', 'Cra 24 77-26', '1234567');


INSERT INTO VEHICULO VALUES ('CIU123', 'Rojo', 'Chevrolet', 'N');
INSERT INTO VEHICULO VALUES ('XYZ456', 'Azul', 'Renault', 'S');
INSERT INTO VEHICULO VALUES ('ABC789', 'Gris', 'Kia', 'N');
INSERT INTO VEHICULO VALUES ('DAE222', 'Azul', 'Hyundai', 'S');
INSERT INTO VEHICULO VALUES ('MCZ381', 'Gris', 'Sandero', 'N');

INSERT INTO RESERVA VALUES (1,123,100,TO_DATE('9/9/2019', 'DD/MM/YYYY'),30000);
INSERT INTO RESERVA VALUES (2,456,100,TO_DATE('09/09/2019', 'DD/MM/YYYY'),50000);
INSERT INTO RESERVA VALUES (3,123,200,TO_DATE('10/09/2019', 'DD/MM/YYYY'),180000);
INSERT INTO RESERVA VALUES (4,777,200,TO_DATE('10/09/2019', 'DD/MM/YYYY'),1000000);

INSERT INTO RESERVA_VEHICULO VALUES (1,'CIU123',TO_DATE('09/09/2019', 'DD/MM/YYYY'),TO_DATE('09/09/2019', 'DD/MM/YYYY'),30000,5,'S');
INSERT INTO RESERVA_VEHICULO VALUES (2,'XYZ456',TO_DATE('09/09/2019', 'DD/MM/YYYY'),TO_DATE('09/09/2019', 'DD/MM/YYYY'),50000,5,'S');
INSERT INTO RESERVA_VEHICULO VALUES (3,'CIU123',TO_DATE('10/09/2019', 'DD/MM/YYYY'),TO_DATE('11/09/2019', 'DD/MM/YYYY'),30000,3,'N');
INSERT INTO RESERVA_VEHICULO VALUES (3,'ABC789',TO_DATE('10/09/2019', 'DD/MM/YYYY'),TO_DATE('11/09/2019', 'DD/MM/YYYY'),150000,10,'N');
INSERT INTO RESERVA_VEHICULO VALUES (4,'MCZ381',TO_DATE('10/09/2019', 'DD/MM/YYYY'),TO_DATE('21/09/2019', 'DD/MM/YYYY'),1000000,10,'N');

